#region,RA,Dec
A0151,17.10920,-15.40920
A3158,55.77040,-53.65310
A3266,67.77460,-61.44360
A3376,90.15290,-40.03260
A3391,96.58590,-53.69330
A3395,96.88000,-54.43740
A3667,303.09170,-56.81520
A3716,312.86000,-52.70700
A2399,329.372605,-7.796920
A0119,14.067150,-1.255370
A0085,10.460211,-9.303184
G12,180,0.0
G15,225,0.0
G23,345,-32.5
H01,15,-30
H03,45,-30